path,git_mode,git_blob_sha1,sha256_of_committed_content,bytes,class,role
.gitignore,100644,5b6a0652566d10360493952aec6d4a4febc77083,2aff592f85e5b8f9162eda24f12962c2fd27dce939cbc75625c82b8c79335d20,40,A,repository configuration
README.md,100644,a845006f9b1391fc786d7fd34ebd4f7094f41289,5d3ac4bb21cb8c03b95ace6d4af3856b881e2ad10990dd8dd5e4f452b01d3f3a,392,A,historical README (superseded by closure README; original text preserved in Git history at baseline)
data/data.csv,100644,77962609716cbd9c3b030fd7fcc86845bacc9133,94f579c4c952bcdd6638b64ac16a3970d10811f17eedab4d2df6efe299ae06b0,25434,B,input data: merged monthly CPIAUCSL/FEDFUNDS/GDP file; provenance UNKNOWN
figures/cusum_stability_test.png,100644,8c468f7374bda63b1b34df25f4fd487fd4052d2d,290a5b0015b4c667ab057040f18818caec82749e653fc9c5556b38d958d908a3,6459,E,scientific output: CUSUM figure from quarterly pipeline (scripts/06-07)
inflation_interest_project.Rproj,100644,8e3c2ebc99e2e337f7d69948b93529a437590b27,3a81ccc25a62f1a31c7d3404389935ced50831abea5e848408745ad1a1bf6126,205,A,RStudio project configuration
paper/inflation_interest_paper.Rmd,100644,f22cbccaf51779791d8f5344f69b5a9429cd9d01,4c85a29a0fbf841f92263f87db3e108d3a1c31dd00bae80c7c149d1fd64cc41d,2884,D,manuscript source
paper/inflation_interest_paper.docx,100644,0738573220dd2c3bd7d64a904f10b2ec8177487d,dee5e09db5a978f8243d9e38607777c3298b8efa800da2c6d76e24933eec8518,11425,D,"manuscript rendered from the Rmd (generated, historical)"
renv.lock,100644,901ab0d6d515b3a2958a19be9f124f1a313b79f0,7e7988cf786fb2ebfa732b9a58a1cbba17a85807324645d53c6e215b853bdff1,2420,A,dependency lockfile (records R 4.5.2 and renv only)
renv/.gitignore,100644,0ec0cbba2d7755cbd91956afaa585449906a1e16,2c31e978189a98022566bd6084936f5608222b2bb9230b8d189b5a1c97a2c2da,56,A,renv configuration
renv/activate.R,100644,4eba67cfb4e2e90b90c850f93bef2eb900d06dc3,ad17689dc13ef6dce75b1f5bed883e931f239bacd71e84ef57ede143ff6476cf,38662,A,renv bootstrap script (third-party renv code)
renv/settings.json,100644,4aa54416b46d9beda775b1e16523b4622f42b348,c5de1c64f2adf5844bf0c60991bed80d07c99cd870bec3bd7a291c6b567c9c88,437,A,renv configuration
results/final_dataset.csv,100644,59759bd7c59c2eda8eb5cbbc34a2c5069622e2ac,2684727fd2195f6c70b9571afe02bb50bfe9c41f32a7b19eb4c0ea08683646da,14017,F,analytical quarterly dataset generated by scripts/02 (reproduced byte-identically)
run_project.R,100644,643ad4e4ca9a5cd4b977bc37b6c17a2a3ec3d854,a5d3264ff951cae5a2389dab9f6011732c5d0fcc9417b9be45e7f9c9e6fcce3f,943,C,pipeline entry point (scripts 00-07)
scripts/00_packages.R,100644,ce275d2c2a1cf194980ed7109271cf0684004011,56a158c653784dab422759002b25cd697ff5299bb264faee12a17098e31cf985,295,C,package loading
scripts/01_data_cleaning.R,100644,e0a945a615326aa0f6180fd24098c4dfaf6ee81d,a3df59d718968a9791e4aca4a246bbd593829f5c8abe9005dd0eb9cc9d516fa9,332,G,legacy: object `data` is never used downstream; renames columns inconsistently
scripts/02_build_dataset.R,100644,991ab109867b452bbb8b3e38ceee8244b46c7d47,bf37bebb3bd5a0c5a6285ec91498f6139ec7b5d956cb077379d2c8a9a299ba32,1090,C,builds quarterly dataset
scripts/03_stationarity_tests.R,100644,a880b32f02809ac5d3367d02bb25790740c1f511,507ac75bb41a0dcf29bba1aba2df8b87003daeb883e6c2d85b6f1fbf7ecd523b,815,C,"ADF tests, quarterly (printed only)"
scripts/04_ardl_model.R,100644,05e6382d2882c73d90207bc503c9297fd24df762,0ff8a84d80e5a694ce65a6a909b316884255c6e20468f3c81067feb4efb34ec3,579,C,quarterly ARDL + bounds test (printed only)
scripts/05_ecm_model.R,100644,eaa398e11be24dc6c3b9ede3c9aae11b183c1865,fb4c30c7ba41018a3217c402bebdb1c78917b8870cd26c2a074ed605704f27c2,469,C,quarterly UECM/RECM (printed only)
scripts/06_diagnostics.R,100644,076db1708c3c6a7e0dd0423829242fd821ea7cfc,aee4ee6763d97a27811cf34a9c83ba7bd771ae6346776d7553a07f7e336e6bec,660,C,quarterly diagnostics; depends on best_model in memory
scripts/07_plots.R,100644,c2a0df993281a2bd705ea3d0989570ca88bf03f5,b71fe2ce813f113d38ca9cc642bb39b7bd7816e1f249d66365256475f727b65d,377,C,writes figures/cusum_stability_test.png
scripts/08_tables.R,100644,edd7ed3436b985f8d857c83461ba1fa9d88871ae,73c6b549bdfbad66f36f12855a748b6862fed46d0868754a9045094bed0fa558,3407,C,monthly bivariate specification; writes tables/*; not in run_project.R; not parseable at baseline
tables/adf_results.csv,100644,f4b080e3b58083b413b489065a0194933abc88bc,633bc3f98392473d82988e1ab88142912eb60abc329c12850569a5882c904164,96,E,"scientific output (monthly, scripts/08)"
tables/bounds_test.csv,100644,f0a8be68963f169a87d963d4786fdaabe988253b,e1ccce4163407c268b430f2a95bbfa73553716ca451b3ac83fb96caaa38741f6,47,E,"scientific output (monthly, scripts/08)"
tables/correlation_matrix.html,100644,9afb0e74d69505a0ccd7b0fb1de93063e7012ecf,23f6f4bc47a89c6c625305ef9d482c61c820db39b62d74d3a4825e583d5ea897,6174,E,"scientific output (monthly, scripts/08)"
tables/descriptive_statistics.csv,100644,14339a4c0389746a7338c79d76f7a73166747ffc,646b6dc49aa0395e08360325ae450a6ccb9a11899534acee74013c4079132ef0,121,E,"scientific output (monthly, scripts/08)"
tables/descriptive_statistics.html,100644,3a440591f95f73cce1399bb869925a2e55a0f66e,8275fd3134487b7ce68b22286206f8ff52d8c1aeae1eb2038672079495ac9124,5746,E,"scientific output (monthly, scripts/08)"
tables/ecm_results.csv,100644,48ea240c17c278eedb4f7695cfe945c662fa46e7,59b9941e79e2ba5e39166c5cdda9b65c856c95db2f19741c332d7190e9af32ab,250,E,"scientific output (monthly, scripts/08)"
tables/long_run_coefficients.csv,100644,8f57d0c983bff3ec72f84d65848c95bd457174b9,241e31fcb669fc3b5d0b3319a69b26ea10554e19fe0229dff559f3472f531d0b,260,E,"scientific output (monthly, scripts/08); label discrepancy documented"
