"date","CPIAUCSL","FEDFUNDS","GDP"
1947-01-01,21.48,NA,243.164
1947-02-01,21.62,NA,NA
1947-03-01,22,NA,NA
1947-04-01,22,NA,245.968
1947-05-01,21.95,NA,NA
1947-06-01,22.08,NA,NA
1947-07-01,22.23,NA,249.585
1947-08-01,22.4,NA,NA
1947-09-01,22.84,NA,NA
1947-10-01,22.91,NA,259.745
1947-11-01,23.06,NA,NA
1947-12-01,23.41,NA,NA
1948-01-01,23.68,NA,265.742
1948-02-01,23.67,NA,NA
1948-03-01,23.5,NA,NA
1948-04-01,23.82,NA,272.567
1948-05-01,24.01,NA,NA
1948-06-01,24.15,NA,NA
1948-07-01,24.4,NA,279.196
1948-08-01,24.43,NA,NA
1948-09-01,24.36,NA,NA
1948-10-01,24.31,NA,280.366
1948-11-01,24.16,NA,NA
1948-12-01,24.05,NA,NA
1949-01-01,24.01,NA,275.034
1949-02-01,23.91,NA,NA
1949-03-01,23.91,NA,NA
1949-04-01,23.92,NA,271.351
1949-05-01,23.91,NA,NA
1949-06-01,23.92,NA,NA
1949-07-01,23.7,NA,272.889
1949-08-01,23.7,NA,NA
1949-09-01,23.75,NA,NA
1949-10-01,23.67,NA,270.627
1949-11-01,23.7,NA,NA
1949-12-01,23.61,NA,NA
1950-01-01,23.51,NA,280.828
1950-02-01,23.61,NA,NA
1950-03-01,23.64,NA,NA
1950-04-01,23.65,NA,290.383
1950-05-01,23.77,NA,NA
1950-06-01,23.88,NA,NA
1950-07-01,24.07,NA,308.153
1950-08-01,24.2,NA,NA
1950-09-01,24.34,NA,NA
1950-10-01,24.5,NA,319.945
1950-11-01,24.6,NA,NA
1950-12-01,24.98,NA,NA
1951-01-01,25.38,NA,336
1951-02-01,25.83,NA,NA
1951-03-01,25.88,NA,NA
1951-04-01,25.92,NA,344.09
1951-05-01,25.99,NA,NA
1951-06-01,25.93,NA,NA
1951-07-01,25.91,NA,351.385
1951-08-01,25.86,NA,NA
1951-09-01,26.03,NA,NA
1951-10-01,26.16,NA,356.178
1951-11-01,26.32,NA,NA
1951-12-01,26.47,NA,NA
1952-01-01,26.45,NA,359.82
1952-02-01,26.41,NA,NA
1952-03-01,26.39,NA,NA
1952-04-01,26.46,NA,361.03
1952-05-01,26.47,NA,NA
1952-06-01,26.53,NA,NA
1952-07-01,26.68,NA,367.701
1952-08-01,26.69,NA,NA
1952-09-01,26.63,NA,NA
1952-10-01,26.69,NA,380.812
1952-11-01,26.69,NA,NA
1952-12-01,26.71,NA,NA
1953-01-01,26.64,NA,387.98
1953-02-01,26.59,NA,NA
1953-03-01,26.63,NA,NA
1953-04-01,26.69,NA,391.749
1953-05-01,26.7,NA,NA
1953-06-01,26.77,NA,NA
1953-07-01,26.79,NA,391.171
1953-08-01,26.85,NA,NA
1953-09-01,26.89,NA,NA
1953-10-01,26.95,NA,385.97
1953-11-01,26.85,NA,NA
1953-12-01,26.87,NA,NA
1954-01-01,26.94,NA,385.345
1954-02-01,26.99,NA,NA
1954-03-01,26.93,NA,NA
1954-04-01,26.86,NA,386.121
1954-05-01,26.93,NA,NA
1954-06-01,26.94,NA,NA
1954-07-01,26.86,0.8,390.996
1954-08-01,26.85,1.22,NA
1954-09-01,26.81,1.07,NA
1954-10-01,26.72,0.85,399.734
1954-11-01,26.78,0.83,NA
1954-12-01,26.77,1.28,NA
1955-01-01,26.77,1.39,413.073
1955-02-01,26.82,1.29,NA
1955-03-01,26.79,1.35,NA
1955-04-01,26.79,1.43,421.532
1955-05-01,26.77,1.43,NA
1955-06-01,26.71,1.64,NA
1955-07-01,26.76,1.68,430.221
1955-08-01,26.72,1.96,NA
1955-09-01,26.85,2.18,NA
1955-10-01,26.82,2.24,437.092
1955-11-01,26.88,2.35,NA
1955-12-01,26.87,2.48,NA
1956-01-01,26.83,2.45,439.746
1956-02-01,26.86,2.5,NA
1956-03-01,26.89,2.5,NA
1956-04-01,26.93,2.62,446.01
1956-05-01,27.03,2.75,NA
1956-06-01,27.15,2.71,NA
1956-07-01,27.29,2.75,451.191
1956-08-01,27.31,2.73,NA
1956-09-01,27.35,2.95,NA
1956-10-01,27.51,2.96,460.463
1956-11-01,27.51,2.88,NA
1956-12-01,27.63,2.94,NA
1957-01-01,27.67,2.84,469.779
1957-02-01,27.8,3,NA
1957-03-01,27.86,2.96,NA
1957-04-01,27.93,3,472.025
1957-05-01,28,3,NA
1957-06-01,28.11,3,NA
1957-07-01,28.19,2.99,479.49
1957-08-01,28.28,3.24,NA
1957-09-01,28.32,3.47,NA
1957-10-01,28.32,3.5,474.864
1957-11-01,28.41,3.28,NA
1957-12-01,28.47,2.98,NA
1958-01-01,28.64,2.72,467.54
1958-02-01,28.7,1.67,NA
1958-03-01,28.87,1.2,NA
1958-04-01,28.94,1.26,471.978
1958-05-01,28.94,0.63,NA
1958-06-01,28.91,0.93,NA
1958-07-01,28.89,0.68,485.841
1958-08-01,28.94,1.53,NA
1958-09-01,28.91,1.76,NA
1958-10-01,28.91,1.8,499.555
1958-11-01,28.95,2.27,NA
1958-12-01,28.97,2.42,NA
1959-01-01,29.01,2.48,510.33
1959-02-01,29,2.43,NA
1959-03-01,28.97,2.8,NA
1959-04-01,28.98,2.96,522.653
1959-05-01,29.04,2.9,NA
1959-06-01,29.11,3.39,NA
1959-07-01,29.15,3.47,525.034
1959-08-01,29.18,3.5,NA
1959-09-01,29.25,3.76,NA
1959-10-01,29.35,3.98,528.6
1959-11-01,29.35,4,NA
1959-12-01,29.41,3.99,NA
1960-01-01,29.37,3.99,542.648
1960-02-01,29.41,3.97,NA
1960-03-01,29.41,3.84,NA
1960-04-01,29.54,3.92,541.08
1960-05-01,29.57,3.85,NA
1960-06-01,29.61,3.32,NA
1960-07-01,29.55,3.23,545.604
1960-08-01,29.61,2.98,NA
1960-09-01,29.61,2.6,NA
1960-10-01,29.75,2.47,540.197
1960-11-01,29.78,2.44,NA
1960-12-01,29.81,1.98,NA
1961-01-01,29.84,1.45,545.018
1961-02-01,29.84,2.54,NA
1961-03-01,29.84,2.02,NA
1961-04-01,29.81,1.49,555.545
1961-05-01,29.84,1.98,NA
1961-06-01,29.84,1.73,NA
1961-07-01,29.92,1.17,567.664
1961-08-01,29.94,2,NA
1961-09-01,29.98,1.88,NA
1961-10-01,29.98,2.26,580.612
1961-11-01,29.98,2.61,NA
1961-12-01,30.01,2.33,NA
1962-01-01,30.04,2.15,594.013
1962-02-01,30.11,2.37,NA
1962-03-01,30.17,2.85,NA
1962-04-01,30.21,2.78,600.366
1962-05-01,30.24,2.36,NA
1962-06-01,30.21,2.68,NA
1962-07-01,30.22,2.71,609.027
1962-08-01,30.28,2.93,NA
1962-09-01,30.42,2.9,NA
1962-10-01,30.38,2.9,612.28
1962-11-01,30.38,2.94,NA
1962-12-01,30.38,2.93,NA
1963-01-01,30.44,2.92,621.672
1963-02-01,30.48,3,NA
1963-03-01,30.51,2.98,NA
1963-04-01,30.48,2.9,629.752
1963-05-01,30.51,3,NA
1963-06-01,30.61,2.99,NA
1963-07-01,30.69,3.02,644.444
1963-08-01,30.75,3.49,NA
1963-09-01,30.72,3.48,NA
1963-10-01,30.75,3.5,653.938
1963-11-01,30.78,3.48,NA
1963-12-01,30.88,3.38,NA
1964-01-01,30.94,3.48,669.822
1964-02-01,30.91,3.48,NA
1964-03-01,30.94,3.43,NA
1964-04-01,30.95,3.47,678.674
1964-05-01,30.98,3.5,NA
1964-06-01,31.01,3.5,NA
1964-07-01,31.02,3.42,692.031
1964-08-01,31.05,3.5,NA
1964-09-01,31.08,3.45,NA
1964-10-01,31.12,3.36,697.319
1964-11-01,31.21,3.52,NA
1964-12-01,31.25,3.85,NA
1965-01-01,31.28,3.9,717.79
1965-02-01,31.28,3.98,NA
1965-03-01,31.31,4.05,NA
1965-04-01,31.38,4.09,730.191
1965-05-01,31.48,4.1,NA
1965-06-01,31.61,4.05,NA
1965-07-01,31.58,4.09,749.323
1965-08-01,31.55,4.12,NA
1965-09-01,31.62,4.02,NA
1965-10-01,31.65,4.08,771.857
1965-11-01,31.75,4.1,NA
1965-12-01,31.85,4.32,NA
1966-01-01,31.88,4.42,795.734
1966-02-01,32.08,4.6,NA
1966-03-01,32.18,4.66,NA
1966-04-01,32.28,4.67,804.981
1966-05-01,32.35,4.9,NA
1966-06-01,32.38,5.17,NA
1966-07-01,32.45,5.3,819.638
1966-08-01,32.65,5.53,NA
1966-09-01,32.75,5.4,NA
1966-10-01,32.85,5.53,833.302
1966-11-01,32.88,5.76,NA
1966-12-01,32.92,5.4,NA
1967-01-01,32.9,4.94,844.17
1967-02-01,33,5,NA
1967-03-01,33,4.53,NA
1967-04-01,33.1,4.05,848.983
1967-05-01,33.1,3.94,NA
1967-06-01,33.3,3.98,NA
1967-07-01,33.4,3.79,865.233
1967-08-01,33.5,3.9,NA
1967-09-01,33.6,3.99,NA
1967-10-01,33.7,3.88,881.439
1967-11-01,33.9,4.13,NA
1967-12-01,34,4.51,NA
1968-01-01,34.1,4.61,909.387
1968-02-01,34.2,4.71,NA
1968-03-01,34.3,5.05,NA
1968-04-01,34.4,5.76,934.344
1968-05-01,34.5,6.12,NA
1968-06-01,34.7,6.07,NA
1968-07-01,34.9,6.03,950.825
1968-08-01,35,6.03,NA
1968-09-01,35.1,5.78,NA
1968-10-01,35.3,5.91,968.03
1968-11-01,35.4,5.82,NA
1968-12-01,35.6,6.02,NA
1969-01-01,35.7,6.3,993.337
1969-02-01,35.8,6.61,NA
1969-03-01,36.1,6.79,NA
1969-04-01,36.3,7.41,1009.02
1969-05-01,36.4,8.67,NA
1969-06-01,36.6,8.9,NA
1969-07-01,36.8,8.61,1029.956
1969-08-01,36.9,9.19,NA
1969-09-01,37.1,9.15,NA
1969-10-01,37.3,9,1038.147
1969-11-01,37.5,8.85,NA
1969-12-01,37.7,8.97,NA
1970-01-01,37.9,8.98,1051.2
1970-02-01,38.1,8.98,NA
1970-03-01,38.3,7.76,NA
1970-04-01,38.5,8.1,1067.375
1970-05-01,38.6,7.95,NA
1970-06-01,38.8,7.61,NA
1970-07-01,38.9,7.21,1086.059
1970-08-01,39,6.62,NA
1970-09-01,39.2,6.29,NA
1970-10-01,39.4,6.2,1088.608
1970-11-01,39.6,5.6,NA
1970-12-01,39.8,4.9,NA
1971-01-01,39.9,4.14,1135.156
1971-02-01,39.9,3.72,NA
1971-03-01,40,3.71,NA
1971-04-01,40.1,4.16,1156.271
1971-05-01,40.3,4.63,NA
1971-06-01,40.5,4.91,NA
1971-07-01,40.6,5.31,1177.675
1971-08-01,40.7,5.57,NA
1971-09-01,40.8,5.55,NA
1971-10-01,40.9,5.2,1190.297
1971-11-01,41,4.91,NA
1971-12-01,41.1,4.14,NA
1972-01-01,41.2,3.51,1230.609
1972-02-01,41.4,3.3,NA
1972-03-01,41.4,3.83,NA
1972-04-01,41.5,4.17,1266.369
1972-05-01,41.6,4.27,NA
1972-06-01,41.7,4.46,NA
1972-07-01,41.8,4.55,1290.566
1972-08-01,41.9,4.81,NA
1972-09-01,42.1,4.87,NA
1972-10-01,42.2,5.05,1328.904
1972-11-01,42.4,5.06,NA
1972-12-01,42.5,5.33,NA
1973-01-01,42.7,5.94,1377.49
1973-02-01,43,6.58,NA
1973-03-01,43.4,7.09,NA
1973-04-01,43.7,7.12,1413.887
1973-05-01,43.9,7.84,NA
1973-06-01,44.2,8.49,NA
1973-07-01,44.2,10.4,1433.838
1973-08-01,45,10.5,NA
1973-09-01,45.2,10.78,NA
1973-10-01,45.6,10.01,1476.289
1973-11-01,45.9,10.03,NA
1973-12-01,46.3,9.95,NA
1974-01-01,46.8,9.65,1491.209
1974-02-01,47.3,8.97,NA
1974-03-01,47.8,9.35,NA
1974-04-01,48.1,10.51,1530.056
1974-05-01,48.6,11.31,NA
1974-06-01,49,11.93,NA
1974-07-01,49.3,12.92,1560.026
1974-08-01,49.9,12.01,NA
1974-09-01,50.6,11.34,NA
1974-10-01,51,10.06,1599.679
1974-11-01,51.5,9.45,NA
1974-12-01,51.9,8.53,NA
1975-01-01,52.3,7.13,1616.116
1975-02-01,52.6,6.24,NA
1975-03-01,52.8,5.54,NA
1975-04-01,53,5.49,1651.853
1975-05-01,53.1,5.22,NA
1975-06-01,53.5,5.55,NA
1975-07-01,54,6.1,1709.82
1975-08-01,54.2,6.14,NA
1975-09-01,54.6,6.24,NA
1975-10-01,54.9,5.82,1761.831
1975-11-01,55.3,5.22,NA
1975-12-01,55.6,5.2,NA
1976-01-01,55.8,4.87,1820.487
1976-02-01,55.9,4.77,NA
1976-03-01,56,4.84,NA
1976-04-01,56.1,4.82,1852.332
1976-05-01,56.4,5.29,NA
1976-06-01,56.7,5.48,NA
1976-07-01,57,5.31,1886.558
1976-08-01,57.3,5.29,NA
1976-09-01,57.6,5.25,NA
1976-10-01,57.9,5.02,1934.273
1976-11-01,58.1,4.95,NA
1976-12-01,58.4,4.65,NA
1977-01-01,58.7,4.61,1988.648
1977-02-01,59.3,4.68,NA
1977-03-01,59.6,4.69,NA
1977-04-01,60,4.73,2055.909
1977-05-01,60.2,5.35,NA
1977-06-01,60.5,5.39,NA
1977-07-01,60.8,5.42,2118.473
1977-08-01,61.1,5.9,NA
1977-09-01,61.3,6.14,NA
1977-10-01,61.6,6.47,2164.27
1977-11-01,62,6.51,NA
1977-12-01,62.3,6.56,NA
1978-01-01,62.7,6.7,2202.76
1978-02-01,63,6.78,NA
1978-03-01,63.4,6.79,NA
1978-04-01,63.9,6.89,2331.633
1978-05-01,64.5,7.36,NA
1978-06-01,65,7.6,NA
1978-07-01,65.5,7.81,2395.053
1978-08-01,65.9,8.04,NA
1978-09-01,66.5,8.45,NA
1978-10-01,67.1,8.96,2476.949
1978-11-01,67.5,9.76,NA
1978-12-01,67.9,10.03,NA
1979-01-01,68.5,10.07,2526.61
1979-02-01,69.2,10.06,NA
1979-03-01,69.9,10.09,NA
1979-04-01,70.6,10.01,2591.247
1979-05-01,71.4,10.24,NA
1979-06-01,72.2,10.29,NA
1979-07-01,73,10.47,2667.565
1979-08-01,73.7,10.94,NA
1979-09-01,74.4,11.43,NA
1979-10-01,75.2,13.77,2723.883
1979-11-01,76,13.18,NA
1979-12-01,76.9,13.78,NA
1980-01-01,78,13.82,2789.842
1980-02-01,79,14.13,NA
1980-03-01,80.1,17.19,NA
1980-04-01,80.9,17.61,2797.352
1980-05-01,81.7,10.98,NA
1980-06-01,82.5,9.47,NA
1980-07-01,82.6,9.03,2856.483
1980-08-01,83.2,9.61,NA
1980-09-01,83.9,10.87,NA
1980-10-01,84.7,12.81,2985.557
1980-11-01,85.6,15.85,NA
1980-12-01,86.4,18.9,NA
1981-01-01,87.2,19.08,3124.206
1981-02-01,88,15.93,NA
1981-03-01,88.6,14.7,NA
1981-04-01,89.1,15.72,3162.532
1981-05-01,89.7,18.52,NA
1981-06-01,90.5,19.1,NA
1981-07-01,91.5,19.04,3260.609
1981-08-01,92.2,17.82,NA
1981-09-01,93.1,15.87,NA
1981-10-01,93.4,15.08,3280.818
1981-11-01,93.8,13.31,NA
1981-12-01,94.1,12.37,NA
1982-01-01,94.4,13.22,3274.302
1982-02-01,94.7,14.78,NA
1982-03-01,94.7,14.68,NA
1982-04-01,95,14.94,3331.972
1982-05-01,95.9,14.45,NA
1982-06-01,97,14.15,NA
1982-07-01,97.5,12.59,3366.322
1982-08-01,97.7,10.12,NA
1982-09-01,97.7,10.31,NA
1982-10-01,98.1,9.71,3402.561
1982-11-01,98,9.2,NA
1982-12-01,97.7,8.95,NA
1983-01-01,97.9,8.68,3473.413
1983-02-01,98,8.51,NA
1983-03-01,98.1,8.77,NA
1983-04-01,98.8,8.8,3578.848
1983-05-01,99.2,8.63,NA
1983-06-01,99.4,8.98,NA
1983-07-01,99.8,9.37,3689.179
1983-08-01,100.1,9.56,NA
1983-09-01,100.4,9.45,NA
1983-10-01,100.8,9.48,3794.706
1983-11-01,101.1,9.34,NA
1983-12-01,101.4,9.47,NA
1984-01-01,102.1,9.56,3908.054
1984-02-01,102.6,9.59,NA
1984-03-01,102.9,9.91,NA
1984-04-01,103.3,10.29,4009.601
1984-05-01,103.5,10.32,NA
1984-06-01,103.7,11.06,NA
1984-07-01,104.1,11.23,4084.25
1984-08-01,104.4,11.64,NA
1984-09-01,104.7,11.3,NA
1984-10-01,105.1,9.99,4148.551
1984-11-01,105.3,9.43,NA
1984-12-01,105.5,8.38,NA
1985-01-01,105.7,8.35,4230.168
1985-02-01,106.3,8.5,NA
1985-03-01,106.8,8.58,NA
1985-04-01,107,8.27,4294.887
1985-05-01,107.2,7.97,NA
1985-06-01,107.5,7.53,NA
1985-07-01,107.7,7.88,4386.773
1985-08-01,107.9,7.9,NA
1985-09-01,108.1,7.92,NA
1985-10-01,108.5,7.99,4444.094
1985-11-01,109,8.05,NA
1985-12-01,109.5,8.27,NA
1986-01-01,109.9,8.14,4507.894
1986-02-01,109.7,7.86,NA
1986-03-01,109.1,7.48,NA
1986-04-01,108.7,6.99,4545.34
1986-05-01,109,6.85,NA
1986-06-01,109.4,6.92,NA
1986-07-01,109.5,6.56,4607.669
1986-08-01,109.6,6.17,NA
1986-09-01,110,5.89,NA
1986-10-01,110.2,5.85,4657.627
1986-11-01,110.4,6.04,NA
1986-12-01,110.8,6.91,NA
1987-01-01,111.4,6.43,4722.156
1987-02-01,111.8,6.1,NA
1987-03-01,112.2,6.13,NA
1987-04-01,112.7,6.37,4806.16
1987-05-01,113,6.85,NA
1987-06-01,113.5,6.73,NA
1987-07-01,113.8,6.58,4884.555
1987-08-01,114.3,6.73,NA
1987-09-01,114.7,7.22,NA
1987-10-01,115,7.29,5007.994
1987-11-01,115.4,6.69,NA
1987-12-01,115.6,6.77,NA
1988-01-01,116,6.83,5073.372
1988-02-01,116.2,6.58,NA
1988-03-01,116.5,6.58,NA
1988-04-01,117.2,6.87,5190.036
1988-05-01,117.5,7.09,NA
1988-06-01,118,7.51,NA
1988-07-01,118.5,7.75,5282.835
1988-08-01,119,8.01,NA
1988-09-01,119.5,8.19,NA
1988-10-01,119.9,8.3,5399.509
1988-11-01,120.3,8.35,NA
1988-12-01,120.7,8.76,NA
1989-01-01,121.2,9.12,5511.253
1989-02-01,121.6,9.36,NA
1989-03-01,122.2,9.85,NA
1989-04-01,123.1,9.84,5612.463
1989-05-01,123.7,9.81,NA
1989-06-01,124.1,9.53,NA
1989-07-01,124.5,9.24,5695.365
1989-08-01,124.5,8.99,NA
1989-09-01,124.8,9.02,NA
1989-10-01,125.4,8.84,5747.237
1989-11-01,125.9,8.55,NA
1989-12-01,126.3,8.45,NA
1990-01-01,127.5,8.23,5872.701
1990-02-01,128,8.24,NA
1990-03-01,128.6,8.28,NA
1990-04-01,128.9,8.26,5960.028
1990-05-01,129.1,8.18,NA
1990-06-01,129.9,8.29,NA
1990-07-01,130.5,8.15,6015.116
1990-08-01,131.6,8.13,NA
1990-09-01,132.5,8.2,NA
1990-10-01,133.4,8.11,6004.733
1990-11-01,133.7,7.81,NA
1990-12-01,134.2,7.31,NA
1991-01-01,134.7,6.91,6035.178
1991-02-01,134.8,6.25,NA
1991-03-01,134.8,6.12,NA
1991-04-01,135.1,5.91,6126.862
1991-05-01,135.6,5.78,NA
1991-06-01,136,5.9,NA
1991-07-01,136.2,5.82,6205.937
1991-08-01,136.6,5.66,NA
1991-09-01,137,5.45,NA
1991-10-01,137.2,5.21,6264.54
1991-11-01,137.8,4.81,NA
1991-12-01,138.2,4.43,NA
1992-01-01,138.3,4.03,6363.102
1992-02-01,138.6,4.06,NA
1992-03-01,139.1,3.98,NA
1992-04-01,139.4,3.73,6470.763
1992-05-01,139.7,3.82,NA
1992-06-01,140.1,3.76,NA
1992-07-01,140.5,3.25,6566.641
1992-08-01,140.8,3.3,NA
1992-09-01,141.1,3.22,NA
1992-10-01,141.7,3.1,6680.803
1992-11-01,142.1,3.09,NA
1992-12-01,142.3,2.92,NA
1993-01-01,142.8,3.02,6729.459
1993-02-01,143.1,3.03,NA
1993-03-01,143.3,3.07,NA
1993-04-01,143.8,2.96,6808.939
1993-05-01,144.2,3,NA
1993-06-01,144.3,3.04,NA
1993-07-01,144.5,3.06,6882.098
1993-08-01,144.8,3.03,NA
1993-09-01,145,3.09,NA
1993-10-01,145.6,2.99,7013.738
1993-11-01,146,3.02,NA
1993-12-01,146.3,2.96,NA
1994-01-01,146.3,3.05,7115.652
1994-02-01,146.7,3.25,NA
1994-03-01,147.1,3.34,NA
1994-04-01,147.2,3.56,7246.931
1994-05-01,147.5,4.01,NA
1994-06-01,147.9,4.25,NA
1994-07-01,148.4,4.26,7331.075
1994-08-01,149,4.47,NA
1994-09-01,149.3,4.73,NA
1994-10-01,149.4,4.76,7455.288
1994-11-01,149.8,5.29,NA
1994-12-01,150.1,5.45,NA
1995-01-01,150.5,5.53,7522.289
1995-02-01,150.9,5.92,NA
1995-03-01,151.2,5.98,NA
1995-04-01,151.8,6.05,7580.997
1995-05-01,152.1,6.01,NA
1995-06-01,152.4,6,NA
1995-07-01,152.6,5.85,7683.125
1995-08-01,152.9,5.74,NA
1995-09-01,153.1,5.8,NA
1995-10-01,153.5,5.76,7772.586
1995-11-01,153.7,5.8,NA
1995-12-01,153.9,5.6,NA
1996-01-01,154.7,5.56,7868.468
1996-02-01,155,5.22,NA
1996-03-01,155.5,5.31,NA
1996-04-01,156.1,5.22,8032.84
1996-05-01,156.4,5.24,NA
1996-06-01,156.7,5.27,NA
1996-07-01,157,5.4,8131.408
1996-08-01,157.2,5.22,NA
1996-09-01,157.7,5.3,NA
1996-10-01,158.2,5.24,8259.771
1996-11-01,158.7,5.31,NA
1996-12-01,159.1,5.29,NA
1997-01-01,159.4,5.25,8362.655
1997-02-01,159.7,5.19,NA
1997-03-01,159.8,5.39,NA
1997-04-01,159.9,5.51,8518.825
1997-05-01,159.9,5.5,NA
1997-06-01,160.2,5.56,NA
1997-07-01,160.4,5.52,8662.823
1997-08-01,160.8,5.54,NA
1997-09-01,161.2,5.54,NA
1997-10-01,161.5,5.5,8765.907
1997-11-01,161.7,5.52,NA
1997-12-01,161.8,5.5,NA
1998-01-01,162,5.56,8866.48
1998-02-01,162,5.51,NA
1998-03-01,162,5.49,NA
1998-04-01,162.2,5.45,8969.699
1998-05-01,162.6,5.49,NA
1998-06-01,162.8,5.56,NA
1998-07-01,163.2,5.54,9121.097
1998-08-01,163.4,5.55,NA
1998-09-01,163.5,5.51,NA
1998-10-01,163.9,5.07,9293.991
1998-11-01,164.1,4.83,NA
1998-12-01,164.4,4.68,NA
1999-01-01,164.7,4.63,9411.682
1999-02-01,164.7,4.76,NA
1999-03-01,164.8,4.81,NA
1999-04-01,165.9,4.74,9526.21
1999-05-01,166,4.74,NA
1999-06-01,166,4.76,NA
1999-07-01,166.7,4.99,9686.626
1999-08-01,167.1,5.07,NA
1999-09-01,167.8,5.22,NA
1999-10-01,168.1,5.2,9900.169
1999-11-01,168.4,5.42,NA
1999-12-01,168.8,5.3,NA
2000-01-01,169.3,5.45,10002.179
2000-02-01,170,5.73,NA
2000-03-01,171,5.85,NA
2000-04-01,170.9,6.02,10247.72
2000-05-01,171.2,6.27,NA
2000-06-01,172.2,6.53,NA
2000-07-01,172.7,6.54,10318.165
2000-08-01,172.7,6.5,NA
2000-09-01,173.6,6.52,NA
2000-10-01,173.9,6.51,10435.744
2000-11-01,174.2,6.51,NA
2000-12-01,174.6,6.4,NA
2001-01-01,175.6,5.98,10470.231
2001-02-01,176,5.49,NA
2001-03-01,176.1,5.31,NA
2001-04-01,176.4,4.8,10599
2001-05-01,177.3,4.21,NA
2001-06-01,177.7,3.97,NA
2001-07-01,177.4,3.77,10598.02
2001-08-01,177.4,3.65,NA
2001-09-01,178.1,3.07,NA
2001-10-01,177.6,2.49,10660.465
2001-11-01,177.5,2.09,NA
2001-12-01,177.4,1.82,NA
2002-01-01,177.7,1.73,10783.5
2002-02-01,178,1.74,NA
2002-03-01,178.5,1.73,NA
2002-04-01,179.3,1.75,10887.46
2002-05-01,179.5,1.75,NA
2002-06-01,179.6,1.75,NA
2002-07-01,180,1.73,10984.04
2002-08-01,180.5,1.74,NA
2002-09-01,180.8,1.75,NA
2002-10-01,181.2,1.75,11061.433
2002-11-01,181.5,1.34,NA
2002-12-01,181.8,1.24,NA
2003-01-01,182.6,1.24,11174.129
2003-02-01,183.6,1.26,NA
2003-03-01,183.9,1.25,NA
2003-04-01,183.2,1.26,11312.766
2003-05-01,182.9,1.26,NA
2003-06-01,183.1,1.22,NA
2003-07-01,183.7,1.01,11566.669
2003-08-01,184.5,1.03,NA
2003-09-01,185.1,1.01,NA
2003-10-01,184.9,1.01,11772.234
2003-11-01,185,1,NA
2003-12-01,185.5,0.98,NA
2004-01-01,186.3,1,11923.447
2004-02-01,186.7,1.01,NA
2004-03-01,187.1,1,NA
2004-04-01,187.4,1,12112.815
2004-05-01,188.2,1,NA
2004-06-01,188.9,1.03,NA
2004-07-01,189.1,1.26,12305.307
2004-08-01,189.2,1.43,NA
2004-09-01,189.8,1.61,NA
2004-10-01,190.8,1.76,12527.214
2004-11-01,191.7,1.93,NA
2004-12-01,191.7,2.16,NA
2005-01-01,191.6,2.28,12767.286
2005-02-01,192.4,2.5,NA
2005-03-01,193.1,2.63,NA
2005-04-01,193.7,2.79,12922.656
2005-05-01,193.6,3,NA
2005-06-01,193.7,3.04,NA
2005-07-01,194.9,3.26,13142.642
2005-08-01,196.1,3.5,NA
2005-09-01,198.8,3.62,NA
2005-10-01,199.1,3.78,13324.204
2005-11-01,198.1,4,NA
2005-12-01,198.1,4.16,NA
2006-01-01,199.3,4.29,13599.16
2006-02-01,199.4,4.49,NA
2006-03-01,199.7,4.59,NA
2006-04-01,200.7,4.79,13753.424
2006-05-01,201.3,4.94,NA
2006-06-01,201.8,4.99,NA
2006-07-01,202.9,5.24,13870.188
2006-08-01,203.8,5.25,NA
2006-09-01,202.8,5.25,NA
2006-10-01,201.9,5.25,14039.56
2006-11-01,202,5.25,NA
2006-12-01,203.1,5.24,NA
2007-01-01,203.437,5.25,14215.651
2007-02-01,204.226,5.26,NA
2007-03-01,205.288,5.26,NA
2007-04-01,205.904,5.25,14402.082
2007-05-01,206.755,5.25,NA
2007-06-01,207.234,5.25,NA
2007-07-01,207.603,5.26,14564.117
2007-08-01,207.667,5.02,NA
2007-09-01,208.547,4.94,NA
2007-10-01,209.19,4.76,14715.058
2007-11-01,210.834,4.49,NA
2007-12-01,211.445,4.24,NA
2008-01-01,212.174,3.94,14706.538
2008-02-01,212.687,2.98,NA
2008-03-01,213.448,2.61,NA
2008-04-01,213.942,2.28,14865.701
2008-05-01,215.208,1.98,NA
2008-06-01,217.463,2,NA
2008-07-01,219.016,2.01,14898.999
2008-08-01,218.69,2,NA
2008-09-01,218.877,1.81,NA
2008-10-01,216.995,0.97,14608.209
2008-11-01,213.153,0.39,NA
2008-12-01,211.398,0.16,NA
2009-01-01,211.933,0.15,14430.902
2009-02-01,212.705,0.22,NA
2009-03-01,212.495,0.18,NA
2009-04-01,212.709,0.15,14381.236
2009-05-01,213.022,0.18,NA
2009-06-01,214.79,0.21,NA
2009-07-01,214.726,0.16,14448.882
2009-08-01,215.445,0.16,NA
2009-09-01,215.861,0.15,NA
2009-10-01,216.509,0.12,14651.249
2009-11-01,217.234,0.12,NA
2009-12-01,217.347,0.12,NA
2010-01-01,217.488,0.11,14764.61
2010-02-01,217.281,0.13,NA
2010-03-01,217.353,0.16,NA
2010-04-01,217.403,0.2,14980.193
2010-05-01,217.29,0.2,NA
2010-06-01,217.199,0.18,NA
2010-07-01,217.605,0.18,15141.607
2010-08-01,217.923,0.19,NA
2010-09-01,218.275,0.19,NA
2010-10-01,219.035,0.19,15309.474
2010-11-01,219.59,0.19,NA
2010-12-01,220.472,0.18,NA
2011-01-01,221.187,0.17,15351.448
2011-02-01,221.898,0.16,NA
2011-03-01,223.046,0.14,NA
2011-04-01,224.093,0.1,15557.539
2011-05-01,224.806,0.09,NA
2011-06-01,224.806,0.09,NA
2011-07-01,225.395,0.07,15647.68
2011-08-01,226.106,0.1,NA
2011-09-01,226.597,0.08,NA
2011-10-01,226.75,0.07,15842.259
2011-11-01,227.169,0.08,NA
2011-12-01,227.223,0.07,NA
2012-01-01,227.842,0.08,16068.805
2012-02-01,228.329,0.1,NA
2012-03-01,228.807,0.13,NA
2012-04-01,229.187,0.14,16207.115
2012-05-01,228.713,0.16,NA
2012-06-01,228.524,0.16,NA
2012-07-01,228.59,0.16,16319.541
2012-08-01,229.918,0.13,NA
2012-09-01,231.015,0.14,NA
2012-10-01,231.638,0.16,16420.419
2012-11-01,231.249,0.16,NA
2012-12-01,231.221,0.16,NA
2013-01-01,231.679,0.14,16648.189
2013-02-01,232.937,0.15,NA
2013-03-01,232.282,0.14,NA
2013-04-01,231.797,0.15,16728.687
2013-05-01,231.893,0.11,NA
2013-06-01,232.445,0.09,NA
2013-07-01,232.9,0.09,16953.838
2013-08-01,233.456,0.08,NA
2013-09-01,233.544,0.08,NA
2013-10-01,233.669,0.09,17192.019
2013-11-01,234.1,0.08,NA
2013-12-01,234.719,0.09,NA
2014-01-01,235.288,0.07,17197.738
2014-02-01,235.547,0.07,NA
2014-03-01,236.028,0.08,NA
2014-04-01,236.468,0.09,17518.508
2014-05-01,236.918,0.09,NA
2014-06-01,237.231,0.1,NA
2014-07-01,237.498,0.09,17804.228
2014-08-01,237.46,0.09,NA
2014-09-01,237.477,0.09,NA
2014-10-01,237.43,0.09,17912.079
2014-11-01,236.983,0.09,NA
2014-12-01,236.252,0.12,NA
2015-01-01,234.747,0.11,18063.529
2015-02-01,235.342,0.11,NA
2015-03-01,235.976,0.11,NA
2015-04-01,236.222,0.12,18279.784
2015-05-01,237.001,0.12,NA
2015-06-01,237.657,0.13,NA
2015-07-01,238.034,0.13,18401.626
2015-08-01,238.033,0.14,NA
2015-09-01,237.498,0.14,NA
2015-10-01,237.733,0.12,18435.137
2015-11-01,238.017,0.12,NA
2015-12-01,237.761,0.24,NA
2016-01-01,237.652,0.34,18525.933
2016-02-01,237.336,0.38,NA
2016-03-01,238.08,0.36,NA
2016-04-01,238.992,0.37,18711.702
2016-05-01,239.557,0.37,NA
2016-06-01,240.222,0.38,NA
2016-07-01,240.101,0.39,18892.639
2016-08-01,240.545,0.4,NA
2016-09-01,241.176,0.4,NA
2016-10-01,241.741,0.4,19089.379
2016-11-01,242.026,0.41,NA
2016-12-01,242.637,0.54,NA
2017-01-01,243.618,0.65,19280.084
2017-02-01,244.006,0.66,NA
2017-03-01,243.892,0.79,NA
2017-04-01,244.193,0.9,19438.643
2017-05-01,244.004,0.91,NA
2017-06-01,244.163,1.04,NA
2017-07-01,244.243,1.15,19692.595
2017-08-01,245.183,1.16,NA
2017-09-01,246.435,1.15,NA
2017-10-01,246.626,1.15,20037.088
2017-11-01,247.284,1.16,NA
2017-12-01,247.805,1.3,NA
2018-01-01,248.859,1.41,20328.553
2018-02-01,249.529,1.42,NA
2018-03-01,249.577,1.51,NA
2018-04-01,250.227,1.69,20580.912
2018-05-01,250.792,1.7,NA
2018-06-01,251.018,1.82,NA
2018-07-01,251.214,1.91,20798.73
2018-08-01,251.663,1.91,NA
2018-09-01,252.182,1.95,NA
2018-10-01,252.772,2.19,20917.867
2018-11-01,252.594,2.2,NA
2018-12-01,252.767,2.27,NA
2019-01-01,252.561,2.4,21111.6
2019-02-01,253.319,2.4,NA
2019-03-01,254.277,2.41,NA
2019-04-01,255.233,2.42,21397.938
2019-05-01,255.296,2.39,NA
2019-06-01,255.213,2.38,NA
2019-07-01,255.802,2.4,21717.171
2019-08-01,256.036,2.13,NA
2019-09-01,256.43,2.04,NA
2019-10-01,257.155,1.83,21933.217
2019-11-01,257.879,1.55,NA
2019-12-01,258.63,1.55,NA
2020-01-01,259.127,1.55,21751.238
2020-02-01,259.25,1.58,NA
2020-03-01,258.076,0.65,NA
2020-04-01,256.032,0.05,19958.291
2020-05-01,255.802,0.05,NA
2020-06-01,257.042,0.08,NA
2020-07-01,258.352,0.09,21704.437
2020-08-01,259.316,0.1,NA
2020-09-01,259.997,0.09,NA
2020-10-01,260.319,0.09,22087.16
2020-11-01,260.911,0.09,NA
2020-12-01,262.045,0.09,NA
2021-01-01,262.687,0.09,22680.693
2021-02-01,263.579,0.08,NA
2021-03-01,264.961,0.07,NA
2021-04-01,266.614,0.07,23425.91
2021-05-01,268.383,0.06,NA
2021-06-01,270.654,0.08,NA
2021-07-01,271.903,0.1,23982.379
2021-08-01,272.676,0.09,NA
2021-09-01,273.91,0.08,NA
2021-10-01,276.55,0.08,24813.6
2021-11-01,278.919,0.08,NA
2021-12-01,280.845,0.08,NA
2022-01-01,282.543,0.08,25250.347
2022-02-01,284.5,0.08,NA
2022-03-01,287.674,0.2,NA
2022-04-01,288.561,0.33,25861.292
2022-05-01,291.298,0.77,NA
2022-06-01,294.957,1.21,NA
2022-07-01,294.913,1.68,26336.304
2022-08-01,295.097,2.33,NA
2022-09-01,296.349,2.56,NA
2022-10-01,298.007,3.08,26770.514
2022-11-01,298.786,3.78,NA
2022-12-01,298.832,4.1,NA
2023-01-01,300.42,4.33,27216.445
2023-02-01,301.45,4.57,NA
2023-03-01,301.821,4.65,NA
2023-04-01,302.845,4.83,27530.055
2023-05-01,303.334,5.06,NA
2023-06-01,304.014,5.08,NA
2023-07-01,304.609,5.12,28074.846
2023-08-01,306.082,5.33,NA
2023-09-01,307.276,5.33,NA
2023-10-01,307.696,5.33,28424.722
2023-11-01,308.148,5.33,NA
2023-12-01,308.741,5.33,NA
2024-01-01,309.698,5.33,28708.161
2024-02-01,310.967,5.33,NA
2024-03-01,312.345,5.33,NA
2024-04-01,313.023,5.33,29147.044
2024-05-01,313.175,5.33,NA
2024-06-01,313.044,5.33,NA
2024-07-01,313.569,5.33,29511.664
2024-08-01,314.062,5.33,NA
2024-09-01,314.732,5.13,NA
2024-10-01,315.631,4.83,29825.182
2024-11-01,316.528,4.64,NA
2024-12-01,317.604,4.48,NA
2025-01-01,318.961,4.33,30042.113
2025-02-01,319.679,4.33,NA
2025-03-01,319.785,4.33,NA
2025-04-01,320.302,4.33,30485.729
2025-05-01,320.62,4.33,NA
2025-06-01,321.435,4.33,NA
2025-07-01,322.169,4.33,31098.027
2025-08-01,323.291,4.33,NA
2025-09-01,324.245,4.22,NA
2025-10-01,NA,4.09,31490.07
2025-11-01,325.063,3.88,NA
2025-12-01,326.031,3.72,NA
2026-01-01,326.588,3.64,NA
