"quarter","Inflation","Interest_Rate","GDP"
"1954Q3",-0.161240624478346,1.03,390.996
"1954Q4",-0.0497698238535479,0.986666666666667,399.734
"1955Q1",0.024894200808534,1.34333333333333,413.073
"1955Q2",-0.0996885478216007,1.5,421.532
"1955Q3",0.174259794433477,1.94,430.221
"1955Q4",0.0248200557508701,2.35666666666667,437.092
"1956Q1",0.0248015884457923,2.48333333333333,439.746
"1956Q2",0.320752536639028,2.69333333333333,446.01
"1956Q3",0.244649416268198,2.81,451.191
"1956Q4",0.339520335577825,2.92666666666667,460.463
"1957Q1",0.276327647211157,2.93333333333333,469.779
"1957Q2",0.297780552226031,3,472.025
"1957Q3",0.248096130235946,3.23333333333333,479.49
"1957Q4",0.176087748814243,3.25333333333333,474.864
"1958Q1",0.465069746163242,1.86333333333333,467.54
"1958Q2",0.0461520784470408,0.94,471.978
"1958Q3",0,1.32333333333333,485.841
"1958Q4",0.069108525100144,2.16333333333333,499.555
"1959Q1",0,2.57,510.33
"1959Q2",0.160698199209097,3.08333333333333,522.653
"1959Q3",0.159927197344449,3.57666666666667,525.034
"1959Q4",0.181839296267938,3.99,528.6
"1960Q1",0,3.93333333333333,542.648
"1960Q2",0.225912984919881,3.69666666666667,541.08
"1960Q3",0,2.93666666666667,545.604
"1960Q4",0.22439218588266,2.29666666666667,540.197
"1961Q1",0.0335289215193472,2.00333333333333,545.018
"1961Q2",0,1.73333333333333,555.545
"1961Q3",0.156023911296381,1.68333333333333,567.664
"1961Q4",0.0333388925941295,2.4,580.612
"1962Q1",0.177246457289811,2.45666666666667,594.013
"1962Q2",0.0441647409203494,2.60666666666667,600.366
"1962Q3",0.230909714418874,2.84666666666667,609.027
"1962Q4",-0.0438596554506621,2.92333333333333,612.28
"1963Q1",0.142333385365045,2.96666666666667,621.672
"1963Q2",0.109075140958096,2.96333333333333,629.752
"1963Q3",0.119571844071675,3.33,644.444
"1963Q4",0.173160562570137,3.45333333333333,653.938
"1964Q1",0.0647039996114855,3.46333333333333,669.822
"1964Q2",0.0753295989145937,3.49,678.674
"1964Q3",0.0751597462363011,3.45666666666667,692.031
"1964Q4",0.181828356098797,3.57666666666667,697.319
"1965Q1",0.0639386385301144,3.97666666666667,717.79
"1965Q2",0.317866362973736,4.08,730.191
"1965Q3",0.0105435184599934,4.07666666666667,749.323
"1965Q4",0.241585007894877,4.16666666666667,771.857
"1966Q1",0.343591984868826,4.56,795.734
"1966Q2",0.206526889508396,4.91333333333333,804.981
"1966Q3",0.378733794392394,5.41,819.638
"1966Q4",0.172580457586946,5.56333333333333,833.302
"1967Q1",0.080906188587034,4.82333333333333,844.17
"1967Q2",0.301661183997259,3.99,848.983
"1967Q3",0.298955666092023,3.89333333333333,865.233
"1967Q4",0.394481921566762,4.17333333333333,881.439
"1968Q1",0.292827651857748,4.79,909.387
"1968Q2",0.386477759363979,5.98333333333333,934.344
"1968Q3",0.382048117300219,5.94666666666667,950.825
"1968Q4",0.471483579538834,5.91666666666667,968.03
"1969Q1",0.464907582695003,6.56666666666667,993.337
"1969Q2",0.458512502282845,8.32666666666667,1009.02
"1969Q3",0.452290973535637,8.98333333333333,1029.956
"1969Q4",0.534770828019182,8.94,1038.147
"1970Q1",0.526326724421174,8.57333333333333,1051.2
"1970Q2",0.43234501475425,7.88666666666667,1067.375
"1970Q3",0.341883338906301,6.70666666666667,1086.059
"1970Q4",0.506338849799167,5.56666666666667,1088.608
"1971Q1",0.167084727451483,3.85666666666667,1135.156
"1971Q2",0.414083999951901,4.56666666666667,1156.271
"1971Q3",0.246003576587424,5.47666666666667,1177.675
"1971Q4",0.244201336402439,4.75,1190.297
"1972Q1",0.242425310969319,3.54666666666667,1230.609
"1972Q2",0.240674932449577,4.3,1266.369
"1972Q3",0.318220396119321,4.74333333333333,1290.566
"1972Q4",0.31521117473452,5.14666666666667,1328.904
"1973Q1",0.698512172532932,6.53666666666667,1377.49
"1973Q2",0.608844932576439,7.81666666666667,1413.887
"1973Q3",0.745743258484444,10.56,1433.838
"1973Q4",0.801495808466749,9.99666666666667,1476.289
"1974Q1",1.06278928017406,9.32333333333333,1491.209
"1974Q2",0.826488620440546,11.25,1530.056
"1974Q3",1.07104260609311,12.09,1560.026
"1974Q4",0.845573795947437,9.34666666666667,1599.679
"1975Q1",0.573080018012432,6.30333333333333,1616.116
"1975Q2",0.439015439658164,5.42,1651.853
"1975Q3",0.678407628296614,6.16,1709.82
"1975Q4",0.604977283522571,5.41333333333333,1761.831
"1976Q1",0.238949649287109,4.82666666666667,1820.487
"1976Q2",0.414083999951901,5.19666666666667,1852.332
"1976Q3",0.524945232271297,5.28333333333333,1886.558
"1976Q4",0.459777404411188,4.87333333333333,1934.273
"1977Q1",0.677989474570762,4.66,1988.648
"1977Q2",0.499593032183062,5.15666666666667,2055.909
"1977Q3",0.437882596845659,5.82,2118.473
"1977Q4",0.539386095041383,6.51333333333333,2164.27
"1978Q1",0.583414521659087,6.75666666666667,2202.76
"1978Q2",0.830780281748567,7.28333333333333,2331.633
"1978Q3",0.760489258872384,8.1,2395.053
"1978Q4",0.694469563428068,9.58333333333333,2476.949
"1979Q1",0.967653822503796,10.0733333333333,2526.61
"1979Q2",1.07914655530055,10.18,2591.247
"1979Q3",1.00052986467552,10.9466666666667,2667.565
"1979Q4",1.10166448908506,13.5766666666667,2723.883
"1980Q1",1.35899925209051,15.0466666666667,2789.842
"1980Q2",0.984081308877371,12.6866666666667,2797.352
"1980Q3",0.560910671084199,9.83666666666667,2856.483
"1980Q4",0.978735411228312,15.8533333333333,2985.557
"1981Q1",0.838139393367499,16.57,3124.206
"1981Q2",0.70726643649485,17.78,3162.532
"1981Q3",0.944144452571353,17.5766666666667,3260.609
"1981Q4",0.356128743610433,13.5866666666667,3280.818
"1982Q1",0.211865120023269,14.2266666666667,3274.302
"1982Q2",0.799899277045017,14.5133333333333,3331.972
"1982Q3",0.239686018178483,11.0066666666667,3366.322
"1982Q4",0,9.28666666666667,3402.561
"1983Q1",0.136193584086008,8.65333333333333,3473.413
"1983Q2",0.438824903040362,8.80333333333333,3578.848
"1983Q3",0.333669786503362,9.46,3689.179
"1983Q4",0.330362796648457,9.43,3794.706
"1984Q1",0.489485056097353,9.68666666666667,3908.054
"1984Q2",0.258149079849268,10.5566666666667,4009.601
"1984Q3",0.31990008803365,11.39,4084.25
"1984Q4",0.253727834654338,9.26666666666667,4148.551
"1985Q1",0.408232453665776,8.47666666666667,4230.168
"1985Q2",0.21776403472075,7.92333333333333,4294.887
"1985Q3",0.185529235914839,7.9,4386.773
"1985Q4",0.428927487046445,8.10333333333333,4444.094
"1986Q1",-0.121988547251028,7.82666666666667,4507.894
"1986Q2",0.0915332382951976,6.92,4545.34
"1986Q3",0.182315860151198,6.20666666666667,4607.669
"1986Q4",0.241546950692229,6.26666666666667,4657.627
"1987Q1",0.418540625847097,6.22,4722.156
"1987Q2",0.383994794428707,6.65,4806.16
"1987Q3",0.350572907128921,6.84333333333333,4884.555
"1987Q4",0.260531070098402,6.91666666666667,5007.994
"1988Q1",0.258510558915948,6.66333333333333,5073.372
"1988Q2",0.426445048663648,7.15666666666667,5190.036
"1988Q3",0.421058230196684,7.98333333333333,5282.835
"1988Q4",0.33305855773067,8.47,5399.509
"1989Q1",0.411697287800313,9.44333333333333,5511.253
"1989Q2",0.514288182435537,9.72666666666667,5612.463
"1989Q3",0.187492124158872,9.08333333333333,5695.365
"1989Q4",0.398252447370595,8.61333333333333,5747.237
"1990Q1",0.601559414902445,8.25,5872.701
"1990Q2",0.335270395767839,8.24333333333333,5960.028
"1990Q3",0.660590724990762,8.16,6015.116
"1990Q4",0.424952637043496,7.74333333333333,6004.733
"1991Q1",0.148699131354165,6.42666666666667,6035.178
"1991Q2",0.295422908594863,5.86333333333333,6126.862
"1991Q3",0.244201336402424,5.64333333333333,6205.937
"1991Q4",0.290699516848155,4.81666666666667,6264.54
"1992Q1",0.216372919860911,4.02333333333333,6363.102
"1992Q2",0.238778480452151,3.77,6470.763
"1992Q3",0.237080183860231,3.25666666666667,6566.641
"1992Q4",0.28228820790126,3.03666666666667,6680.803
"1993Q1",0.233427657943993,3.04,6729.459
"1993Q2",0.231804364856636,3,6808.939
"1993Q3",0.1613092213583,3.06,6882.098
"1993Q4",0.297518853516809,2.99,7013.738
"1994Q1",0.181777319377119,3.21333333333333,7115.652
"1994Q2",0.180791403645397,3.94,7246.931
"1994Q3",0.314044494279682,4.48666666666667,7331.075
"1994Q4",0.178134469809047,5.16666666666667,7455.288
"1995Q1",0.243390836867234,5.81,7522.289
"1995Q2",0.263505983570441,6.02,7580.997
"1995Q3",0.152755313703068,5.79666666666667,7683.125
"1995Q4",0.173724606039845,5.72,7772.586
"1996Q1",0.344756359148501,5.36333333333333,7868.468
"1996Q2",0.256247258089548,5.24333333333333,8032.84
"1996Q3",0.212044820233922,5.30666666666667,8131.408
"1996Q4",0.294614712491607,5.28,8259.771
"1997Q1",0.146336599614442,5.27666666666667,8362.655
"1997Q2",0.0833333767361684,5.52333333333333,8518.825
"1997Q3",0.207426514608944,5.53333333333333,8662.823
"1997Q4",0.123839151728807,5.50666666666667,8765.907
"1998Q1",0.0411776869330656,5.52,8866.48
"1998Q2",0.164203944535224,5.5,8969.699
"1998Q3",0.14301789229559,5.53333333333333,9121.097
"1998Q4",0.182983076159064,4.86,9293.991
"1999Q1",0.0810044951097192,4.73333333333333,9411.682
"1999Q2",0.241839029372404,4.74666666666667,9526.21
"1999Q3",0.359500189218753,5.09333333333333,9686.626
"1999Q4",0.198059604291689,5.30666666666667,9900.169
"2000Q1",0.431632478026778,5.67666666666667,10002.179
"2000Q2",0.233101183032325,6.27333333333333,10247.72
"2000Q3",0.269907007754,6.52,10318.165
"2000Q4",0.191461372641714,6.47333333333333,10435.744
"2001Q1",0.285145736555285,5.59333333333333,10470.231
"2001Q2",0.301490655281533,4.32666666666667,10599
"2001Q3",0.0749485045003458,3.49666666666667,10598.02
"2001Q4",-0.131270680671255,2.13333333333333,10660.465
"2002Q1",0.206051044807154,1.73333333333333,10783.5
"2002Q2",0.20478515494687,1.75,10887.46
"2002Q3",0.221976402999235,1.74,10984.04
"2002Q4",0.183857792843393,1.44333333333333,11061.433
"2003Q1",0.382831662229914,1.25,11174.129
"2003Q2",-0.145322664327037,1.24666666666667,11312.766
"2003Q3",0.362125596632919,1.01666666666667,11566.669
"2003Q4",0.0719554156012473,0.996666666666667,11772.234
"2004Q1",0.286278374418488,1.00333333333333,11923.447
"2004Q2",0.319151374247332,1.01,12112.815
"2004Q3",0.158437055612115,1.43333333333333,12305.307
"2004Q4",0.332025462525702,1.95,12527.214
"2005Q1",0.242551312762333,2.47,12767.286
"2005Q2",0.103412699282727,2.94333333333333,12922.656
"2005Q3",0.866290793650778,3.46,13142.642
"2005Q4",-0.117578017265618,3.98,13324.204
"2006Q1",0.26814289057547,4.45666666666667,13599.16
"2006Q2",0.348695583257985,4.90666666666667,13753.424
"2006Q3",0.164772126583982,5.24666666666667,13870.188
"2006Q4",0.0492732289770241,5.24666666666667,14039.56
"2007Q1",0.357180089432389,5.25666666666667,14215.651
"2007Q2",0.314490610612713,5.25,14402.082
"2007Q3",0.210528197074596,5.07333333333333,14564.117
"2007Q4",0.460016062897376,4.49666666666667,14715.058
"2008Q1",0.314277529912429,3.17666666666667,14706.538
"2008Q2",0.621182594359926,2.08666666666667,14865.701
"2008Q3",0.216040236162751,1.94,14898.999
"2008Q4",-1.15891051821526,0.506666666666667,14608.209
"2009Q1",0.172528200747972,0.183333333333333,14430.902
"2009Q2",0.358078264676198,0.18,14381.236
"2009Q3",0.165795846751996,0.156666666666667,14448.882
"2009Q4",0.22868242327713,0.12,14651.249
"2010Q1",0.000920174833278035,0.133333333333333,14764.61
"2010Q2",-0.0236258654809104,0.193333333333333,14980.193
"2010Q3",0.164725056641816,0.186666666666667,15141.607
"2010Q4",0.333832233329279,0.186666666666667,15309.474
"2011Q1",0.386910850596263,0.156666666666667,15351.448
"2011Q2",0.261992661339179,0.0933333333333333,15557.539
"2011Q3",0.264510042115281,0.0833333333333333,15647.68
"2011Q4",0.0919601599812895,0.0733333333333333,15842.259
"2012Q1",0.231564644184257,0.103333333333333,16068.805
"2012Q2",-0.0412538600593907,0.153333333333333,16207.115
"2012Q3",0.361380194569409,0.143333333333333,16319.541
"2012Q4",0.0297106548225419,0.16,16420.419
"2013Q1",0.152606254716077,0.143333333333333,16648.189
"2013Q2",0.0233829046134263,0.116666666666667,16728.687
"2013Q3",0.157228609489953,0.0833333333333333,16953.838
"2013Q4",0.167285260081111,0.0866666666666667,17192.019
"2014Q1",0.185379602184158,0.0733333333333333,17197.738
"2014Q2",0.169463597603325,0.0933333333333333,17518.508
"2014Q3",0.0345475565359206,0.09,17804.228
"2014Q4",-0.172391491114965,0.1,17912.079
"2015Q1",-0.038964233580252,0.11,18063.529
"2015Q2",0.236611758938358,0.123333333333333,18279.784
"2015Q3",-0.0223085106873633,0.136666666666667,18401.626
"2015Q4",0.036892168529364,0.16,18435.137
"2016Q1",0.0446928067413014,0.36,18525.933
"2016Q2",0.298558138279977,0.373333333333333,18711.702
"2016Q3",0.132115387388036,0.396666666666667,18892.639
"2016Q4",0.20131806310267,0.45,19089.379
"2017Q1",0.171966834936062,0.7,19280.084
"2017Q2",0.0370176896526668,0.95,19438.643
"2017Q3",0.308741066030027,1.15333333333333,19692.595
"2017Q4",0.184795984253938,1.20333333333333,20037.088
"2018Q1",0.237511275317045,1.44666666666667,20328.553
"2018Q2",0.191905496479657,1.73666666666667,20580.912
"2018Q3",0.154213311625018,1.92333333333333,20798.73
"2018Q4",0.0772355573505301,2.22,20917.867
"2019Q1",0.198536940116067,2.40333333333333,21111.6
"2019Q2",0.122475554380289,2.39666666666667,21397.938
"2019Q3",0.158574409003413,2.19,21717.171
"2019Q4",0.284758200258484,1.64333333333333,21933.217
"2020Q1",-0.0714784567737325,1.26,21751.238
"2020Q2",-0.133820650642165,0.06,19958.291
"2020Q3",0.381019893998473,0.0933333333333333,21704.437
"2020Q4",0.261538408351392,0.09,22087.16
"2021Q1",0.368880020213336,0.08,22680.693
"2021Q2",0.708620234152916,0.07,23425.91
"2021Q3",0.398611096956151,0.09,23982.379
"2021Q4",0.833444348153053,0.08,24813.6
"2022Q1",0.800832627876632,0.12,25250.347
"2022Q2",0.833389614833813,0.77,25861.292
"2022Q3",0.156941027874099,2.19,26336.304
"2022Q4",0.278124291049645,3.65333333333333,26770.514
"2023Q1",0.331752794890564,4.51666666666667,27216.445
"2023Q2",0.241320885314759,4.99,27530.055
"2023Q3",0.355753784404556,5.26,28074.846
"2023Q4",0.158545707006811,5.33,28424.722
"2024Q1",0.386853613600469,5.33,28708.161
"2024Q2",0.0745136537502707,5.33,29147.044
"2024Q3",0.179257576807797,5.26333333333333,29511.664
"2024Q4",0.302794690253361,4.65,29825.182
"2025Q1",0.228119041083522,4.33,30042.113
"2025Q2",0.171548365284687,4.33,30485.729
"2025Q3",0.290135231134769,4.29333333333333,31098.027
"2025Q4",0.29734591724413,3.89666666666667,31490.07
